,Business Name,Location,Phone Number,Address,Website
0,Optique Unique,Metuchen,(732) 321-2020,406 Main St,https://www.yelp.com/biz/optique-unique-metuchen?adjust_creative=IMx-iWonKwu7BVOy3yEdnw&utm_campaign=yelp_api_v3&utm_medium=api_v3_business_search&utm_source=IMx-iWonKwu7BVOy3yEdnw
1,Offen Eye Associates,Westfield,(908) 789-1177,518 Westfield Ave,https://www.yelp.com/biz/offen-eye-associates-westfield-3?adjust_creative=IMx-iWonKwu7BVOy3yEdnw&utm_campaign=yelp_api_v3&utm_medium=api_v3_business_search&utm_source=IMx-iWonKwu7BVOy3yEdnw
2,"Lee M Douglas, OD",Edison,(732) 393-1210,1734 State Rt 27,https://www.yelp.com/biz/lee-m-douglas-od-edison?adjust_creative=IMx-iWonKwu7BVOy3yEdnw&utm_campaign=yelp_api_v3&utm_medium=api_v3_business_search&utm_source=IMx-iWonKwu7BVOy3yEdnw
3,Fanwood Eye Care,Fanwood,(908) 288-7227,246 South Ave,https://www.yelp.com/biz/fanwood-eye-care-fanwood?adjust_creative=IMx-iWonKwu7BVOy3yEdnw&utm_campaign=yelp_api_v3&utm_medium=api_v3_business_search&utm_source=IMx-iWonKwu7BVOy3yEdnw
4,Somerset Eye Care,North Brunswick,(732) 658-6765,2090 Rte 27,https://www.yelp.com/biz/somerset-eye-care-north-brunswick?adjust_creative=IMx-iWonKwu7BVOy3yEdnw&utm_campaign=yelp_api_v3&utm_medium=api_v3_business_search&utm_source=IMx-iWonKwu7BVOy3yEdnw
5,In Focus Vision Center,Piscataway,(732) 981-8000,1100 Centennial Ave,https://www.yelp.com/biz/in-focus-vision-center-piscataway-2?adjust_creative=IMx-iWonKwu7BVOy3yEdnw&utm_campaign=yelp_api_v3&utm_medium=api_v3_business_search&utm_source=IMx-iWonKwu7BVOy3yEdnw
6,Visionworks Doctors Of Optometry,Clark,(732) 388-4035,1255 Raritan Rd,https://www.yelp.com/biz/visionworks-doctors-of-optometry-clark?adjust_creative=IMx-iWonKwu7BVOy3yEdnw&utm_campaign=yelp_api_v3&utm_medium=api_v3_business_search&utm_source=IMx-iWonKwu7BVOy3yEdnw
7,Linker Steven OD,Morganville,(732) 617-1717,50 Rt 9 North,https://www.yelp.com/biz/linker-steven-od-morganville?adjust_creative=IMx-iWonKwu7BVOy3yEdnw&utm_campaign=yelp_api_v3&utm_medium=api_v3_business_search&utm_source=IMx-iWonKwu7BVOy3yEdnw
8,Bomarr Opticians,Edison,(732) 494-1820,1467 Rte 1 S,https://www.yelp.com/biz/bomarr-opticians-edison-2?adjust_creative=IMx-iWonKwu7BVOy3yEdnw&utm_campaign=yelp_api_v3&utm_medium=api_v3_business_search&utm_source=IMx-iWonKwu7BVOy3yEdnw
9,Jamesburg Family Eyecare,Jamesburg,(732) 656-1515,333 Forsgate Dr,https://www.yelp.com/biz/jamesburg-family-eyecare-jamesburg?adjust_creative=IMx-iWonKwu7BVOy3yEdnw&utm_campaign=yelp_api_v3&utm_medium=api_v3_business_search&utm_source=IMx-iWonKwu7BVOy3yEdnw
10,Visions By Victoria Rose,Staten Island,(718) 966-9400,639 Veterans Rd W,https://www.yelp.com/biz/visions-by-victoria-rose-staten-island?adjust_creative=IMx-iWonKwu7BVOy3yEdnw&utm_campaign=yelp_api_v3&utm_medium=api_v3_business_search&utm_source=IMx-iWonKwu7BVOy3yEdnw
11,The LASIK Vision Institute - Temporarily Closed,Woodbridge,(866) 509-1583,1000 Woodbridge Center Dr,https://www.yelp.com/biz/the-lasik-vision-institute-temporarily-closed-woodbridge?adjust_creative=IMx-iWonKwu7BVOy3yEdnw&utm_campaign=yelp_api_v3&utm_medium=api_v3_business_search&utm_source=IMx-iWonKwu7BVOy3yEdnw
12,Deyong Alan OD,Colonia,(732) 634-8600,1009 Saint Georges Ave,https://www.yelp.com/biz/deyong-alan-od-colonia?adjust_creative=IMx-iWonKwu7BVOy3yEdnw&utm_campaign=yelp_api_v3&utm_medium=api_v3_business_search&utm_source=IMx-iWonKwu7BVOy3yEdnw
13,"Doug Lambertson, OD",Staten Island,(718) 524-9943,2975 Richmond Ave,https://www.yelp.com/biz/doug-lambertson-od-staten-island-3?adjust_creative=IMx-iWonKwu7BVOy3yEdnw&utm_campaign=yelp_api_v3&utm_medium=api_v3_business_search&utm_source=IMx-iWonKwu7BVOy3yEdnw
14,Stirling Eye Care,Stirling,(908) 580-2555,1107 Valley Rd,https://www.yelp.com/biz/stirling-eye-care-stirling?adjust_creative=IMx-iWonKwu7BVOy3yEdnw&utm_campaign=yelp_api_v3&utm_medium=api_v3_business_search&utm_source=IMx-iWonKwu7BVOy3yEdnw
15,Eye Krafters Optical,Edison,(908) 668-1166,1099 Inman Ave,https://www.yelp.com/biz/eye-krafters-optical-edison?adjust_creative=IMx-iWonKwu7BVOy3yEdnw&utm_campaign=yelp_api_v3&utm_medium=api_v3_business_search&utm_source=IMx-iWonKwu7BVOy3yEdnw
16,Provision Eyecare Center,Union,(908) 258-0739,2010 Morris Ave,https://www.yelp.com/biz/provision-eyecare-center-union-2?adjust_creative=IMx-iWonKwu7BVOy3yEdnw&utm_campaign=yelp_api_v3&utm_medium=api_v3_business_search&utm_source=IMx-iWonKwu7BVOy3yEdnw
17,Suburban Eye Institute,Berkeley Heights,(908) 464-0123,369 Springfield Ave,https://www.yelp.com/biz/suburban-eye-institute-berkeley-heights?adjust_creative=IMx-iWonKwu7BVOy3yEdnw&utm_campaign=yelp_api_v3&utm_medium=api_v3_business_search&utm_source=IMx-iWonKwu7BVOy3yEdnw
18,Carteret Eyecare Associates,Carteret,(732) 541-8222,43 Orchard St,https://www.yelp.com/biz/carteret-eyecare-associates-carteret-2?adjust_creative=IMx-iWonKwu7BVOy3yEdnw&utm_campaign=yelp_api_v3&utm_medium=api_v3_business_search&utm_source=IMx-iWonKwu7BVOy3yEdnw
19,Marlboro Family Eye Care,Marlboro Township,(732) 252-6555,130 S Main St,https://www.yelp.com/biz/marlboro-family-eye-care-marlboro-township?adjust_creative=IMx-iWonKwu7BVOy3yEdnw&utm_campaign=yelp_api_v3&utm_medium=api_v3_business_search&utm_source=IMx-iWonKwu7BVOy3yEdnw
20,Eye Center of Clark PC,Clark,(732) 381-3113,95 Westfield Ave,https://www.yelp.com/biz/eye-center-of-clark-pc-clark?adjust_creative=IMx-iWonKwu7BVOy3yEdnw&utm_campaign=yelp_api_v3&utm_medium=api_v3_business_search&utm_source=IMx-iWonKwu7BVOy3yEdnw
21,Green Brook Vision,Green Brook,(732) 752-3330,159 US Highway 22,https://www.yelp.com/biz/green-brook-vision-green-brook?adjust_creative=IMx-iWonKwu7BVOy3yEdnw&utm_campaign=yelp_api_v3&utm_medium=api_v3_business_search&utm_source=IMx-iWonKwu7BVOy3yEdnw
22,Pollack Mark OD,Woodbridge,(732) 750-4520,100 Main St,https://www.yelp.com/biz/pollack-mark-od-woodbridge?adjust_creative=IMx-iWonKwu7BVOy3yEdnw&utm_campaign=yelp_api_v3&utm_medium=api_v3_business_search&utm_source=IMx-iWonKwu7BVOy3yEdnw
23,The Eyexam Group - Watchung,Watchung,(908) 322-5020,1688 US Hwy 22,https://www.yelp.com/biz/the-eyexam-group-watchung-watchung?adjust_creative=IMx-iWonKwu7BVOy3yEdnw&utm_campaign=yelp_api_v3&utm_medium=api_v3_business_search&utm_source=IMx-iWonKwu7BVOy3yEdnw
24,Bay Ridge Family Eye Care Optical,Brooklyn,(718) 680-3270,6834 3rd Ave,https://www.yelp.com/biz/bay-ridge-family-eye-care-optical-brooklyn-3?adjust_creative=IMx-iWonKwu7BVOy3yEdnw&utm_campaign=yelp_api_v3&utm_medium=api_v3_business_search&utm_source=IMx-iWonKwu7BVOy3yEdnw
25,LensCrafters,Staten Island,(718) 698-5525,2655 Richmond Ave,https://www.yelp.com/biz/lenscrafters-staten-island?adjust_creative=IMx-iWonKwu7BVOy3yEdnw&utm_campaign=yelp_api_v3&utm_medium=api_v3_business_search&utm_source=IMx-iWonKwu7BVOy3yEdnw
26,Clarkson Eyecare,Hazlet,(732) 739-4000,Hazlet Plz,https://www.yelp.com/biz/eyes-first-vision-center-hazlet?adjust_creative=IMx-iWonKwu7BVOy3yEdnw&utm_campaign=yelp_api_v3&utm_medium=api_v3_business_search&utm_source=IMx-iWonKwu7BVOy3yEdnw
27,Eye Contact Vision Center,Newark,(973) 344-2212,279 Ferry St,https://www.yelp.com/biz/eye-contact-vision-center-newark?adjust_creative=IMx-iWonKwu7BVOy3yEdnw&utm_campaign=yelp_api_v3&utm_medium=api_v3_business_search&utm_source=IMx-iWonKwu7BVOy3yEdnw
28,Warby Parker - Edison,Edison,(732) 561-1827,55 Parsonage Rd,https://www.yelp.com/biz/warby-parker-edison-edison-3?adjust_creative=IMx-iWonKwu7BVOy3yEdnw&utm_campaign=yelp_api_v3&utm_medium=api_v3_business_search&utm_source=IMx-iWonKwu7BVOy3yEdnw
29,Cranford Eye Care,Cranford,(908) 276-0200,23 N Ave W,https://www.yelp.com/biz/cranford-eye-care-cranford?adjust_creative=IMx-iWonKwu7BVOy3yEdnw&utm_campaign=yelp_api_v3&utm_medium=api_v3_business_search&utm_source=IMx-iWonKwu7BVOy3yEdnw
30,Meltzer Eye Care Center,Woodbridge Township,(732) 636-7444,675 US 1,https://www.yelp.com/biz/meltzer-eye-care-center-iselin?adjust_creative=IMx-iWonKwu7BVOy3yEdnw&utm_campaign=yelp_api_v3&utm_medium=api_v3_business_search&utm_source=IMx-iWonKwu7BVOy3yEdnw
31,The Eye Care & Surgery Center,Warren,(908) 754-4800,10 Mountain Blvd,https://www.yelp.com/biz/the-eye-care-and-surgery-center-warren?adjust_creative=IMx-iWonKwu7BVOy3yEdnw&utm_campaign=yelp_api_v3&utm_medium=api_v3_business_search&utm_source=IMx-iWonKwu7BVOy3yEdnw
32,Eyecare on Easton,Somerset,(732) 214-1600,1075 Easton Ave,https://www.yelp.com/biz/eyecare-on-easton-somerset?adjust_creative=IMx-iWonKwu7BVOy3yEdnw&utm_campaign=yelp_api_v3&utm_medium=api_v3_business_search&utm_source=IMx-iWonKwu7BVOy3yEdnw
33,Fields Of Vision,North Brunswick,(732) 422-8200,1825 US Hway 130,https://www.yelp.com/biz/fields-of-vision-north-brunswick-2?adjust_creative=IMx-iWonKwu7BVOy3yEdnw&utm_campaign=yelp_api_v3&utm_medium=api_v3_business_search&utm_source=IMx-iWonKwu7BVOy3yEdnw
34,Jersey Eye Care,Jersey City,(201) 239-8007,2787 John F Kennedy Blvd,https://www.yelp.com/biz/jersey-eye-care-jersey-city?adjust_creative=IMx-iWonKwu7BVOy3yEdnw&utm_campaign=yelp_api_v3&utm_medium=api_v3_business_search&utm_source=IMx-iWonKwu7BVOy3yEdnw
35,Barrios Vision,Green Brook,(844) 448-2020,221 US Hwy 22 E,https://www.yelp.com/biz/barrios-vision-green-brook-2?adjust_creative=IMx-iWonKwu7BVOy3yEdnw&utm_campaign=yelp_api_v3&utm_medium=api_v3_business_search&utm_source=IMx-iWonKwu7BVOy3yEdnw
36,Eye Works,Edison,(732) 819-3535,561 US Hwy 1,https://www.yelp.com/biz/eye-works-edison?adjust_creative=IMx-iWonKwu7BVOy3yEdnw&utm_campaign=yelp_api_v3&utm_medium=api_v3_business_search&utm_source=IMx-iWonKwu7BVOy3yEdnw
37,Eye Care Advantage,Staten Island,(718) 448-9014,1050 Clove Rd,https://www.yelp.com/biz/eye-care-advantage-staten-island-2?adjust_creative=IMx-iWonKwu7BVOy3yEdnw&utm_campaign=yelp_api_v3&utm_medium=api_v3_business_search&utm_source=IMx-iWonKwu7BVOy3yEdnw
38,Santamaria Eye Center,Edison,(732) 767-1850,4 Ethel Rd,https://www.yelp.com/biz/santamaria-eye-center-edison-2?adjust_creative=IMx-iWonKwu7BVOy3yEdnw&utm_campaign=yelp_api_v3&utm_medium=api_v3_business_search&utm_source=IMx-iWonKwu7BVOy3yEdnw
39,EyeKrafters Medical Optics,South Plainfield,(908) 822-1100,911 Oak Tree Ave,https://www.yelp.com/biz/eyekrafters-medical-optics-south-plainfield-3?adjust_creative=IMx-iWonKwu7BVOy3yEdnw&utm_campaign=yelp_api_v3&utm_medium=api_v3_business_search&utm_source=IMx-iWonKwu7BVOy3yEdnw
40,Pearle Vision,E Windsor,(609) 918-9808,72 Princeton-hightstown Rd,https://www.yelp.com/biz/pearle-vision-e-windsor-4?adjust_creative=IMx-iWonKwu7BVOy3yEdnw&utm_campaign=yelp_api_v3&utm_medium=api_v3_business_search&utm_source=IMx-iWonKwu7BVOy3yEdnw
41,LensCrafters,Holmdel,(732) 275-9099,2128 State Route 35,https://www.yelp.com/biz/lenscrafters-holmdel-2?adjust_creative=IMx-iWonKwu7BVOy3yEdnw&utm_campaign=yelp_api_v3&utm_medium=api_v3_business_search&utm_source=IMx-iWonKwu7BVOy3yEdnw
42,"Wayne Grabowski, MD",Monroe Township,(609) 409-2777,5 Centre Dr,https://www.yelp.com/biz/wayne-grabowski-md-monroe-township?adjust_creative=IMx-iWonKwu7BVOy3yEdnw&utm_campaign=yelp_api_v3&utm_medium=api_v3_business_search&utm_source=IMx-iWonKwu7BVOy3yEdnw
43,An Eye To The Future,Matawan,(732) 583-9797,935 Rt 34,https://www.yelp.com/biz/an-eye-to-the-future-matawan-4?adjust_creative=IMx-iWonKwu7BVOy3yEdnw&utm_campaign=yelp_api_v3&utm_medium=api_v3_business_search&utm_source=IMx-iWonKwu7BVOy3yEdnw
44,Walmart Vision & Glasses,Old Bridge,(732) 525-8685,1126 Hwy 9,https://www.yelp.com/biz/walmart-vision-and-glasses-old-bridge-2?adjust_creative=IMx-iWonKwu7BVOy3yEdnw&utm_campaign=yelp_api_v3&utm_medium=api_v3_business_search&utm_source=IMx-iWonKwu7BVOy3yEdnw
45,"Anthony J Inverno, MD",Clark,,,https://www.yelp.com/biz/anthony-j-inverno-md-clark?adjust_creative=IMx-iWonKwu7BVOy3yEdnw&utm_campaign=yelp_api_v3&utm_medium=api_v3_business_search&utm_source=IMx-iWonKwu7BVOy3yEdnw
46,Pildes Optical,Staten Island,(718) 494-9257,2791 Richmond Ave,https://www.yelp.com/biz/pildes-optical-staten-island?adjust_creative=IMx-iWonKwu7BVOy3yEdnw&utm_campaign=yelp_api_v3&utm_medium=api_v3_business_search&utm_source=IMx-iWonKwu7BVOy3yEdnw
47,Eye Care & Surgery Center,Westfield,(908) 789-8999,592 Springfield Ave,https://www.yelp.com/biz/eye-care-and-surgery-center-westfield?adjust_creative=IMx-iWonKwu7BVOy3yEdnw&utm_campaign=yelp_api_v3&utm_medium=api_v3_business_search&utm_source=IMx-iWonKwu7BVOy3yEdnw
48,"Joseph P Calderone Jr, MD",Cranford,(908) 276-3030,2 South Ave E,https://www.yelp.com/biz/joseph-p-calderone-jr-md-cranford?adjust_creative=IMx-iWonKwu7BVOy3yEdnw&utm_campaign=yelp_api_v3&utm_medium=api_v3_business_search&utm_source=IMx-iWonKwu7BVOy3yEdnw
49,Madison Eyes,Madison,(973) 377-1060,311 Main St,https://www.yelp.com/biz/madison-eyes-madison?adjust_creative=IMx-iWonKwu7BVOy3yEdnw&utm_campaign=yelp_api_v3&utm_medium=api_v3_business_search&utm_source=IMx-iWonKwu7BVOy3yEdnw
